{"mean": [21.2817478, 81.6935202], "scale": [7.788707404930241, 8.520643831301246]}